trip_id,request_timestamp,started_at,completed_at,hour_of_day,day_of_week,is_weekend,is_peak_hour,pickup_lat,pickup_lng,dropoff_lat,dropoff_lng,approach_km,actual_distance_km,estimated_distance_km,actual_duration_min,estimated_duration_min,vehicle_type,trip_type,offered_fare,final_fare,fare_slab_stage_id,driver_id,driver_rating,driver_total_trips,driver_shift_hours_elapsed,driver_online_minutes,driver_fuel_level_start,driver_vehicle_condition,driver_daily_ride_km,driver_daily_dead_km,driver_quota_km,driver_overuse_km,driver_goal_km,driver_goal_km_reached,depot_zone,rider_acceptance_flag,first_driver_accepted,drivers_offered_count,ride_status,revenue_per_km,pred_fare_ml,pred_fare_rule,pred_fare_diff_pct,pred_wta_prob,pred_wta,pred_fare_slab
2470daf9-6301-4bc6-80eb-2c7062679a29,2025-01-15 19:00:00,,,19,3,False,True,18.635021,73.792962,18.481185,74.267954,4.44,52.91,52.42,104,99,economy,airport,1164.69,1164.69,2,631f7e35-41ca-4618-9749-a519b96b2bca,4.14,1182,5.36,330,THREE_QUARTER,GOOD,18.89,3.75,116.58,0.0,135,18.89,Hinjewadi,False,False,5,CANCELLED,22.01,1249.18,1127.07,10.83,0.9966,1,4
a12c194f-300d-487d-949e-1fe7f9f3e4e5,2025-08-04 23:00:00,2025-08-04 23:06:00,2025-08-05 00:26:00,23,1,False,False,18.53203,73.787476,18.435618,73.383188,1.81,43.96,41.3,80,76,premium,standard_long,654.7,654.7,2,631f7e35-41ca-4618-9749-a519b96b2bca,4.14,1182,1.89,122,QUARTER,EXCELLENT,28.75,30.65,120.99,0.0,135,28.75,West-Pune,True,True,1,RIDE_COMPLETED,14.89,1300.51,1228.63,5.85,0.9967,1,4
64ae09eb-4c89-4ef5-b15b-20dbb34afebc,2025-02-03 04:00:00,2025-02-03 04:19:00,2025-02-03 05:53:00,4,1,False,False,18.532098,73.747543,18.215709,73.393669,5.51,51.3,55.09,94,87,premium,airport,1172.14,1172.14,2,5fbedbbc-5a30-492f-a264-a533863897ed,4.48,571,6.01,350,FULL,FAIR,37.71,15.77,128.78,0.0,135,37.71,Hinjewadi,True,True,1,RIDE_COMPLETED,22.85,1746.16,1626.82,7.34,0.9966,1,4
a23940be-f33e-42b0-bd82-b5ae6771bf82,2025-07-02 15:00:00,2025-07-02 15:08:00,2025-07-02 16:28:00,15,3,False,False,18.535482,73.735242,18.426898,74.162999,2.52,46.7,48.62,80,78,economy,outskirts,580.37,580.37,2,a9716e12-0d22-41b5-b46a-6e4a707cedbd,4.03,884,8.9,538,THREE_QUARTER,NEEDS_ATTENTION,46.12,27.05,102.8,0.0,135,46.12,Hinjewadi,True,True,1,RIDE_COMPLETED,12.43,1143.45,1047.27,9.18,0.9966,1,4
d2e02576-79ab-442f-9ddc-d86790f3d92d,2025-01-25 00:00:00,2025-01-25 00:11:00,2025-01-25 00:55:00,0,6,True,False,18.666485,73.833447,18.941372,73.83564,3.3,31.0,33.93,44,48,premium,standard_long,456.38,456.38,1,d9b95c1a-06cd-4dad-8b17-ff2ac13c55ff,3.98,1045,7.15,438,QUARTER,GOOD,54.88,31.4,112.09,0.0,135,54.88,East-Pune,True,True,1,RIDE_COMPLETED,14.72,875.45,812.66,7.73,0.9967,1,4
ec98fe9e-cf92-4aa3-b909-6fbcbe012c90,2025-03-08 05:00:00,2025-03-08 05:11:00,2025-03-08 06:14:00,5,6,True,False,18.54648,73.835167,18.43036,74.129836,3.15,33.65,35.05,63,56,economy,standard_long,408.87,408.87,1,aa158111-ff59-49ea-8d76-db5391db1963,3.98,865,3.92,238,THREE_QUARTER,NEEDS_ATTENTION,112.97,11.45,129.8,0.0,135,112.97,Hinjewadi,True,True,1,RIDE_COMPLETED,12.15,1018.61,952.88,6.9,0.9957,1,4
bc4e256e-6c64-41a4-83e2-dead27ef225f,2025-07-31 19:00:00,2025-07-31 19:11:00,2025-07-31 20:22:00,19,4,False,True,18.602799,73.756512,18.202937,73.591593,3.21,47.75,48.93,71,80,economy,outskirts,696.12,696.12,2,631f7e35-41ca-4618-9749-a519b96b2bca,4.14,1182,1.6,103,QUARTER,NEEDS_ATTENTION,97.87,11.47,111.52,0.0,135,97.87,West-Pune,True,True,1,RIDE_COMPLETED,14.58,1163.17,1053.78,10.38,0.9966,1,4
e558918d-2a54-48a9-8980-8810ff22d7a7,2025-08-26 08:00:00,2025-08-26 08:05:00,2025-08-26 09:41:00,8,2,False,True,18.571927,73.952331,18.232094,73.641311,1.69,50.05,55.04,96,100,premium,airport,1361.38,1361.38,2,d9b95c1a-06cd-4dad-8b17-ff2ac13c55ff,3.98,1045,2.36,133,THREE_QUARTER,NEEDS_ATTENTION,69.93,6.68,127.87,0.0,135,69.93,North-Pune,True,True,1,RIDE_COMPLETED,27.2,1471.66,1300.3,13.18,0.9967,1,4
614764e8-ba81-4255-8c2b-13c0f20056f0,2025-07-14 16:00:00,2025-07-14 16:10:00,2025-07-14 17:00:00,16,1,False,False,18.641828,73.807172,18.536761,73.438602,3.08,40.56,41.25,50,51,economy,standard_long,483.41,483.41,2,32bb38e9-efe1-439c-952b-63d5327baed4,9.23,509,8.15,487,THREE_QUARTER,EXCELLENT,65.89,11.73,122.99,0.0,135,65.89,North-Pune,True,False,3,RIDE_COMPLETED,11.92,977.58,892.5,9.53,0.9961,1,4
6d76ca9f-1cca-4754-8c4b-af1a7b35da4c,2025-08-28 19:00:00,2025-08-28 19:05:00,2025-08-28 20:14:00,19,4,False,True,18.643548,73.828097,18.177328,73.991996,1.48,54.65,57.88,69,73,economy,outskirts,778.62,778.62,2,8153a1b1-f37a-4ff5-ac3c-99375f87b533,4.56,1261,3.05,185,LOW,GOOD,50.71,4.69,111.98,0.0,135,50.71,Hinjewadi,True,False,2,RIDE_COMPLETED,14.25,1350.04,1241.73,8.72,0.9967,1,4
d54e2079-4fbc-44f1-93a4-2c7655b68f30,2025-02-20 06:00:00,,,6,4,False,False,18.592174,73.913314,19.043945,73.620691,5.59,58.92,60.47,117,126,economy,outskirts,716.14,716.14,2,a7c049d5-38f1-4398-8cfd-777e6bc5da1e,4.31,924,9.49,576,THREE_QUARTER,NEEDS_ATTENTION,54.18,13.03,101.6,0.0,135,54.18,Hinjewadi,False,False,3,CANCELLED,12.15,1427.28,1296.12,10.12,0.9967,1,4
53fd5a7c-bd15-4498-89f4-a33739cd7b27,2025-02-15 13:00:00,2025-02-15 13:02:00,2025-02-15 14:13:00,13,6,True,False,18.59852,73.804799,18.34337,73.369986,0.76,53.93,56.42,71,78,economy,outskirts,658.72,658.72,2,32bb38e9-efe1-439c-952b-63d5327baed4,9.23,509,4.64,273,THREE_QUARTER,GOOD,87.83,3.59,130.21,0.0,135,87.83,East-Pune,True,True,1,RIDE_COMPLETED,12.21,1319.84,1211.07,8.98,0.9941,1,4
ce7527f8-38f2-4a35-8fca-f504fa559049,2025-09-02 12:00:00,2025-09-02 12:11:00,2025-09-02 13:46:00,12,2,False,False,18.491045,73.848257,18.038857,73.577527,3.33,57.84,54.07,95,90,economy,airport,1062.14,1062.14,2,9a5c2a65-d680-425d-92b1-9e1493200384,5.39,1203,1.17,77,THREE_QUARTER,NEEDS_ATTENTION,30.63,32.85,101.25,0.0,135,30.63,Hinjewadi,True,True,1,RIDE_COMPLETED,18.36,1276.73,1161.72,9.9,0.9966,1,4
1395c78d-b316-442a-9126-8c7f26b409ec,2025-01-26 12:00:00,2025-01-26 12:07:00,2025-01-26 13:57:00,12,7,True,False,18.528348,73.842404,18.122658,74.307433,2.01,66.67,64.37,110,122,economy,airport,1202.51,1202.51,2,631f7e35-41ca-4618-9749-a519b96b2bca,4.14,1182,2.41,144,THREE_QUARTER,GOOD,103.29,11.21,122.8,0.0,135,103.29,Airport-Zone,True,True,1,RIDE_COMPLETED,18.04,1511.02,1378.02,9.65,0.9965,1,4
b4740705-f1da-4a3e-9cd1-87c9bd733407,2025-01-27 14:00:00,2025-01-27 14:07:00,2025-01-27 14:52:00,14,1,False,False,18.497022,73.832085,18.742012,73.743652,2.07,31.0,31.81,45,46,economy,standard_long,360.88,360.88,1,32bb38e9-efe1-439c-952b-63d5327baed4,9.23,509,5.3,314,FULL,FAIR,34.44,31.81,123.52,0.0,135,34.44,North-Pune,True,True,1,RIDE_COMPLETED,11.64,741.82,694.26,6.85,0.9961,1,4
01c4f96a-8e80-430f-baf2-f90a73c86368,2025-09-05 22:00:00,2025-09-05 22:06:00,2025-09-05 23:01:00,22,5,False,False,18.595032,73.785697,18.243089,73.588954,1.79,44.3,48.42,55,54,premium,standard_long,655.15,644.23,2,32bb38e9-efe1-439c-952b-63d5327baed4,9.23,509,4.45,263,QUARTER,GOOD,71.52,27.95,100.75,0.0,135,71.52,West-Pune,True,True,1,RIDE_COMPLETED,14.54,1530.14,1434.22,6.69,0.9967,1,4
1eafc955-9e98-4084-b5ec-59a3ab4c1840,2025-03-29 14:00:00,2025-03-29 14:13:00,2025-03-29 15:35:00,14,6,True,False,18.577264,73.770959,18.734457,73.323889,3.73,50.24,49.93,82,85,premium,outskirts,764.38,764.38,2,2837f034-d43a-4d74-b208-67f2f5d37a03,3.82,1377,9.39,558,THREE_QUARTER,EXCELLENT,112.68,10.03,111.41,11.3,135,112.68,North-Pune,True,True,1,RIDE_COMPLETED,15.21,1283.0,1182.26,8.52,0.9967,1,4
4419c994-c9d4-4962-a0d3-f3fc8a2244d2,2025-08-02 12:00:00,2025-08-02 12:03:00,2025-08-02 12:49:00,12,6,True,False,18.494512,73.871579,18.544185,73.966888,1.0,31.0,32.72,46,44,premium,standard_long,480.58,480.58,1,8153a1b1-f37a-4ff5-ac3c-99375f87b533,4.56,1261,5.36,327,HALF,GOOD,78.52,20.11,130.5,0.0,135,78.52,North-Pune,True,True,1,RIDE_COMPLETED,15.5,829.63,784.71,5.72,0.9957,1,4
9b8ed0d4-ed4b-489b-addb-1d54a3483f60,2025-03-13 09:00:00,,,9,4,False,True,18.572401,73.75706,18.826578,73.602294,5.03,32.63,30.81,40,37,economy,standard_long,471.27,471.27,1,d9b95c1a-06cd-4dad-8b17-ff2ac13c55ff,3.98,1045,7.73,465,FULL,EXCELLENT,98.93,9.98,123.37,0.0,135,98.93,North-Pune,False,False,5,CANCELLED,14.44,753.89,673.26,11.98,0.9747,1,4
3a13f97c-9899-4dcf-83f7-486210c38180,2025-10-11 16:00:00,2025-10-11 16:17:00,2025-10-11 17:10:00,16,6,True,False,18.601256,73.766802,18.925929,73.569258,5.09,41.66,44.71,53,57,economy,standard_long,500.37,456.48,2,aa158111-ff59-49ea-8d76-db5391db1963,3.98,865,3.84,237,THREE_QUARTER,FAIR,91.4,4.12,121.17,0.0,135,91.4,North-Pune,True,True,1,RIDE_COMPLETED,10.96,1039.51,965.16,7.7,0.9967,1,4
e38cdd94-5f42-4f06-96ca-7d334e44140c,2025-04-10 11:00:00,2025-04-10 11:07:00,2025-04-10 12:09:00,11,4,False,False,18.55385,73.956158,18.870778,73.702353,2.14,44.23,42.52,62,60,premium,standard_long,656.06,656.06,2,631f7e35-41ca-4618-9749-a519b96b2bca,4.14,1182,6.03,364,LOW,EXCELLENT,38.81,16.92,105.06,0.0,135,38.81,North-Pune,True,True,1,RIDE_COMPLETED,14.83,1121.18,1011.09,10.89,0.9967,1,4
96e076e5-63f2-44b3-a99e-2266969c8340,2025-05-17 15:00:00,2025-05-17 15:21:00,2025-05-17 16:16:00,15,6,True,False,18.520105,73.739821,18.518685,73.326802,6.15,43.55,42.29,55,52,economy,standard_long,513.46,513.46,2,9a5c2a65-d680-425d-92b1-9e1493200384,5.39,1203,2.41,145,THREE_QUARTER,EXCELLENT,79.72,13.36,133.8,0.0,135,79.72,West-Pune,True,True,1,RIDE_COMPLETED,11.79,1007.54,914.34,10.19,0.996,1,4
357e67f5-5393-44a1-af1c-b0f79f11df2f,2025-01-15 20:00:00,2025-01-15 20:04:00,2025-01-15 20:58:00,20,3,False,True,18.592698,73.888887,18.624988,73.748636,1.35,31.0,32.5,54,56,premium,standard_long,569.93,569.93,1,a9716e12-0d22-41b5-b46a-6e4a707cedbd,4.03,884,9.42,567,LOW,NEEDS_ATTENTION,90.43,33.74,121.13,3.04,135,90.43,Airport-Zone,True,True,1,RIDE_COMPLETED,18.38,832.48,779.63,6.78,0.9967,1,4
7bcf62fd-68e6-408c-ab51-96daa895421a,2025-09-30 21:00:00,2025-09-30 21:23:00,2025-09-30 22:38:00,21,2,False,True,18.586606,73.80924,18.461195,73.397876,6.71,45.56,48.83,75,70,premium,airport,1228.28,1228.28,2,8153a1b1-f37a-4ff5-ac3c-99375f87b533,4.56,1261,1.61,97,FULL,FAIR,59.48,23.34,101.41,0.0,135,59.48,North-Pune,True,True,1,RIDE_COMPLETED,26.96,1280.72,1156.85,10.71,0.9967,1,4
0eac07fe-bca8-40c6-aec2-cd2531ae5ce2,2025-07-05 23:00:00,2025-07-05 23:04:00,2025-07-06 00:27:00,23,6,True,False,18.567825,73.92415,19.035749,73.650821,1.37,59.46,56.29,83,74,premium,outskirts,892.52,892.52,2,61c170fc-1209-4474-8bc3-9e9cd630e5e4,3.77,1497,1.87,115,HALF,FAIR,57.82,7.13,123.34,0.0,135,57.82,West-Pune,True,True,1,RIDE_COMPLETED,15.01,1756.37,1661.47,5.71,0.9931,1,4
27edf4a5-e5cf-4dca-bdfd-6028e554139f,2025-09-25 14:00:00,2025-09-25 14:07:00,2025-09-25 15:16:00,14,4,False,False,18.568534,73.780057,18.177623,73.681011,2.22,44.71,44.5,69,76,economy,standard_long,535.34,535.34,2,a9716e12-0d22-41b5-b46a-6e4a707cedbd,4.03,884,5.76,336,HALF,GOOD,96.85,34.64,104.44,27.05,135,96.85,North-Pune,True,True,1,RIDE_COMPLETED,11.97,1036.62,960.75,7.9,0.9967,1,4
4d70167a-2e24-4c4d-9865-d9b53d0e024e,2025-02-14 06:00:00,2025-02-14 06:12:00,2025-02-14 08:29:00,6,5,False,False,18.654645,73.802907,18.132686,73.275401,3.43,80.41,85.2,137,140,economy,airport,1461.11,1461.11,3,32bb38e9-efe1-439c-952b-63d5327baed4,9.23,509,7.18,423,QUARTER,GOOD,108.26,34.05,132.09,10.22,135,108.26,Airport-Zone,True,True,1,RIDE_COMPLETED,18.17,1783.41,1815.45,-1.76,0.9967,1,4
2e53d418-c1f7-4a50-9416-396a5a9f5a96,2025-01-08 08:00:00,2025-01-08 08:23:00,2025-01-08 09:12:00,8,3,False,True,18.546325,73.788179,18.765847,73.85212,6.6,31.0,29.55,49,51,premium,standard_long,570.9,570.9,1,a7c049d5-38f1-4398-8cfd-777e6bc5da1e,4.31,924,0.85,47,HALF,GOOD,84.96,33.6,109.24,9.32,135,84.96,Airport-Zone,True,True,1,RIDE_COMPLETED,18.42,788.95,711.48,10.89,0.9959,1,4
3a1ee890-29a8-4a6e-983f-4e7ff46015b4,2025-05-14 01:00:00,2025-05-14 01:19:00,2025-05-14 01:56:00,1,3,False,False,18.599153,73.889802,18.693909,73.889156,5.51,31.0,30.15,37,34,economy,standard_long,383.97,383.97,1,9ec175ca-3a80-41da-80c5-9b001848d234,1.58,279,0.7,42,THREE_QUARTER,FAIR,41.86,15.59,114.04,0.0,135,41.86,East-Pune,True,False,3,RIDE_COMPLETED,12.39,887.84,824.25,7.71,0.9962,1,4
57627c22-1f4f-4f4d-853c-d8f81fd3dded,2025-07-06 22:00:00,2025-07-06 22:09:00,2025-07-06 22:49:00,22,7,True,False,18.576115,73.932647,18.559127,73.715202,2.63,31.0,32.08,40,41,economy,standard_long,379.19,379.19,1,631f7e35-41ca-4618-9749-a519b96b2bca,4.14,1182,11.03,656,FULL,NEEDS_ATTENTION,118.46,27.74,118.62,27.58,135,118.46,East-Pune,True,True,1,RIDE_COMPLETED,12.23,907.26,874.91,3.7,0.9966,1,4
c2d5c2fb-5142-4b4a-8573-37283ff1119f,2025-01-31 19:00:00,2025-01-31 19:17:00,2025-01-31 20:24:00,19,5,False,True,18.563127,73.880021,18.839033,73.7342,5.13,34.31,33.25,67,61,economy,standard_long,481.45,460.1,1,ebdc04e6-74f1-4b80-8ce1-1e8f9f204722,4.34,963,2.87,181,QUARTER,FAIR,68.09,33.59,122.83,0.0,135,68.09,Hinjewadi,True,True,1,RIDE_COMPLETED,13.41,800.26,724.5,10.46,0.8952,1,4
3bc20e68-11db-4510-9e40-a9fc68b8e682,2025-04-20 03:00:00,2025-04-20 03:23:00,2025-04-20 04:59:00,3,7,True,False,18.651126,73.769847,19.088373,73.779391,6.71,48.63,49.06,96,97,economy,outskirts,589.31,589.31,2,9a5c2a65-d680-425d-92b1-9e1493200384,5.39,1203,6.39,385,FULL,NEEDS_ATTENTION,18.51,32.45,123.65,0.0,135,18.51,West-Pune,True,True,1,RIDE_COMPLETED,12.12,1442.9,1320.64,9.26,0.9947,1,4
452d6abf-9def-4e4d-80e0-3ea35241d765,2025-05-11 07:00:00,,,7,7,True,True,18.614318,73.894676,18.103443,73.582022,6.56,65.69,71.72,107,121,economy,outskirts,970.58,868.82,2,8153a1b1-f37a-4ff5-ac3c-99375f87b533,4.56,1261,2.58,163,HALF,EXCELLENT,51.32,34.23,133.54,0.0,135,51.32,West-Pune,False,False,3,CANCELLED,13.23,1658.47,1532.37,8.23,0.0426,0,4
4d360db1-cf3f-41b2-9d1a-4a24ebd23548,2025-07-26 04:00:00,2025-07-26 04:09:00,2025-07-26 05:36:00,4,6,True,False,18.494577,73.879525,18.178674,73.601938,2.75,45.74,44.43,87,78,premium,outskirts,689.17,689.17,2,32bb38e9-efe1-439c-952b-63d5327baed4,9.23,509,9.54,581,THREE_QUARTER,NEEDS_ATTENTION,110.98,12.04,128.52,0.0,135,110.98,East-Pune,True,True,1,RIDE_COMPLETED,15.07,1410.3,1319.01,6.92,0.9947,1,4
0eb75451-a7ff-4b3d-a860-3b5b2f99842a,2025-06-10 23:00:00,2025-06-10 23:02:00,2025-06-10 23:52:00,23,2,False,False,18.643667,73.825577,18.608285,73.79351,0.69,31.0,29.31,50,46,premium,standard_long,487.38,487.38,1,8153a1b1-f37a-4ff5-ac3c-99375f87b533,4.56,1261,10.69,638,FULL,GOOD,54.13,14.69,111.87,0.0,135,54.13,East-Pune,True,True,1,RIDE_COMPLETED,15.72,937.67,882.42,6.26,0.9967,1,4
7c416e15-6ada-4c76-bb61-e8f34f8a4b5a,2025-04-01 19:00:00,2025-04-01 19:03:00,2025-04-01 20:09:00,19,2,False,True,18.549329,73.940938,18.758035,74.273755,1.07,42.05,44.75,66,70,economy,standard_long,594.98,594.98,2,2837f034-d43a-4d74-b208-67f2f5d37a03,3.82,1377,11.25,682,FULL,GOOD,73.1,28.7,113.88,0.0,135,73.1,North-Pune,True,True,1,RIDE_COMPLETED,14.15,1040.2,966.0,7.68,0.9966,1,4
177935b0-570f-4fa2-989d-a3a21eabea1d,2025-05-09 22:00:00,,,22,5,False,False,18.629586,73.826125,18.272469,74.026894,4.77,45.0,44.18,59,58,economy,standard_long,530.8,530.8,2,d9b95c1a-06cd-4dad-8b17-ff2ac13c55ff,3.98,1045,4.39,258,HALF,GOOD,21.55,11.11,132.65,0.0,135,21.55,Airport-Zone,False,False,3,CANCELLED,11.8,1264.43,1192.54,6.03,0.0372,0,4
0dfac8aa-3ae1-4eb3-b67e-d91fafa3cb63,2025-01-01 14:00:00,,,14,3,False,False,18.503888,73.846292,18.130922,73.982146,1.9,43.88,44.61,67,65,economy,standard_long,550.09,550.09,2,f1c1c9fc-1e58-43ce-96fe-9239c0dcd2ce,4.64,1305,10.86,659,HALF,EXCELLENT,90.06,30.99,134.01,0.0,135,90.06,West-Pune,False,False,2,CANCELLED,12.54,1037.39,963.06,7.72,0.0371,0,4
cd7d1d13-5adc-4bd5-8f3d-8ba0c79974e6,2025-03-01 21:00:00,2025-03-01 21:07:00,2025-03-01 22:30:00,21,6,True,True,18.60827,73.756364,18.940849,73.252323,2.12,64.68,60.91,83,75,economy,airport,1416.5,1416.5,2,9ec175ca-3a80-41da-80c5-9b001848d234,1.58,279,9.5,575,THREE_QUARTER,NEEDS_ATTENTION,55.47,4.5,106.29,0.0,135,55.47,West-Pune,True,True,1,RIDE_COMPLETED,21.9,1453.45,1305.36,11.34,0.9968,1,4
16273391-59a7-4732-b61a-8bcea6b0d89a,2025-01-27 06:00:00,2025-01-27 06:17:00,2025-01-27 07:11:00,6,1,False,False,18.600438,73.782672,18.97648,73.906473,4.87,43.8,44.84,54,58,economy,standard_long,520.02,520.02,2,9a5c2a65-d680-425d-92b1-9e1493200384,5.39,1203,9.96,595,THREE_QUARTER,EXCELLENT,18.54,18.38,104.17,0.0,135,18.54,West-Pune,True,False,5,RIDE_COMPLETED,11.87,1035.47,967.89,6.98,0.9968,1,4
b21def58-fac6-4fa9-aa27-48907cd739f0,2025-10-16 01:00:00,2025-10-16 01:20:00,2025-10-16 02:33:00,1,4,False,False,18.572125,73.817459,18.309958,74.083196,5.92,40.44,41.29,73,78,economy,standard_long,487.91,487.91,2,61c170fc-1209-4474-8bc3-9e9cd630e5e4,3.77,1497,3.48,210,HALF,NEEDS_ATTENTION,28.64,27.66,134.09,0.0,135,28.64,Airport-Zone,True,True,1,RIDE_COMPLETED,12.07,1196.27,1116.67,7.13,0.956,1,4
34285e8b-e999-49fc-960d-d5c7bc46a025,2025-06-13 11:00:00,2025-06-13 11:05:00,2025-06-13 12:36:00,11,5,False,False,18.546788,73.86642,18.097388,73.46227,1.61,65.7,70.87,91,84,economy,outskirts,796.82,796.82,2,9a5c2a65-d680-425d-92b1-9e1493200384,5.39,1203,9.29,553,THREE_QUARTER,FAIR,107.21,22.15,102.53,26.83,135,107.21,West-Pune,True,True,1,RIDE_COMPLETED,12.13,1645.08,1514.52,8.62,0.9968,1,4
f455b85a-1b0b-40ab-9ab2-6643ab9f7619,2025-05-04 13:00:00,2025-05-04 13:23:00,2025-05-04 14:08:00,13,7,True,False,18.560873,73.868426,18.501306,73.931052,6.72,31.0,32.38,45,42,premium,standard_long,461.13,461.13,1,aa158111-ff59-49ea-8d76-db5391db1963,3.98,865,7.02,425,QUARTER,GOOD,64.96,23.74,116.08,0.0,135,64.96,West-Pune,True,True,1,RIDE_COMPLETED,14.88,826.6,776.85,6.4,0.9967,1,4
3eca6ce1-0d17-4137-af2c-ef566e6e0fc3,2025-09-14 17:00:00,2025-09-14 17:15:00,2025-09-14 18:50:00,17,7,True,True,18.566162,73.757117,18.942748,73.251776,4.54,67.71,64.01,95,94,economy,outskirts,980.55,980.55,2,0f5f4548-9d8f-4ce2-9cc9-214e7f436ca3,4.02,277,6.41,378,FULL,EXCELLENT,65.59,22.39,115.19,0.0,135,65.59,Airport-Zone,True,True,1,RIDE_COMPLETED,14.48,1491.89,1370.46,8.86,0.9967,1,4
fe78da01-a356-49a8-b83b-446b0eeab268,2025-07-19 15:00:00,2025-07-19 15:07:00,2025-07-19 16:07:00,15,6,True,False,18.623853,73.921525,18.530666,74.301658,2.09,41.38,43.34,60,54,premium,standard_long,643.77,643.77,2,8153a1b1-f37a-4ff5-ac3c-99375f87b533,4.56,1261,3.18,186,LOW,GOOD,98.71,21.12,127.64,0.0,135,98.71,East-Pune,True,True,1,RIDE_COMPLETED,15.56,1135.95,1030.03,10.28,0.9945,1,4
5719fb26-208c-4727-9cc3-94e0a4c36bda,2025-06-08 00:00:00,2025-06-08 00:10:00,2025-06-08 01:21:00,0,7,True,False,18.667125,73.819556,18.280031,73.896729,2.98,43.81,45.88,71,66,economy,standard_long,533.48,533.48,2,631f7e35-41ca-4618-9749-a519b96b2bca,4.14,1182,1.67,108,HALF,NEEDS_ATTENTION,30.15,29.47,132.5,0.0,135,30.15,North-Pune,True,True,1,RIDE_COMPLETED,12.18,1086.71,989.73,9.8,0.9162,1,4
4a6cc941-a403-4067-93d5-a9525ec578cc,2025-06-11 18:00:00,2025-06-11 18:18:00,2025-06-11 19:06:00,18,3,False,True,18.553147,73.883147,18.336863,73.782908,5.26,31.0,32.75,48,44,premium,standard_long,561.57,561.57,1,2837f034-d43a-4d74-b208-67f2f5d37a03,3.82,1377,8.14,485,LOW,EXCELLENT,37.45,19.63,118.69,0.0,135,37.45,Hinjewadi,True,True,1,RIDE_COMPLETED,18.12,840.49,785.4,7.01,0.9967,1,4
c98d7a86-f55c-474c-ad3f-04356bdb7cae,2025-01-20 17:00:00,2025-01-20 17:06:00,2025-01-20 17:57:00,17,1,False,True,18.559682,73.851444,18.913266,73.759785,1.72,40.48,41.31,51,50,economy,standard_long,573.53,573.53,2,ebdc04e6-74f1-4b80-8ce1-1e8f9f204722,4.34,963,7.65,467,HALF,EXCELLENT,76.41,21.32,116.77,0.0,135,76.41,West-Pune,True,True,1,RIDE_COMPLETED,14.17,988.4,893.76,10.59,0.9966,1,4
deac6124-9270-4a36-be7a-abfa315614a3,2025-10-03 19:00:00,2025-10-03 19:07:00,2025-10-03 19:51:00,19,5,False,True,18.476267,73.84006,18.326931,73.607582,2.1,31.0,30.78,44,48,economy,standard_long,468.38,468.38,1,0f5f4548-9d8f-4ce2-9cc9-214e7f436ca3,4.02,277,10.76,636,LOW,EXCELLENT,69.91,32.03,111.11,0.0,135,69.91,East-Pune,True,True,1,RIDE_COMPLETED,15.11,734.86,672.63,9.25,0.9967,1,4
cd5b2b7c-d2dd-4089-b224-e0e997f72290,2025-09-10 05:00:00,2025-09-10 05:02:00,2025-09-10 05:56:00,5,3,False,False,18.561733,73.74597,18.334859,73.921513,0.74,31.29,32.14,54,56,premium,standard_long,477.96,477.96,1,a9716e12-0d22-41b5-b46a-6e4a707cedbd,4.03,884,7.08,416,LOW,GOOD,37.75,25.9,116.63,0.0,135,37.75,North-Pune,True,False,3,RIDE_COMPLETED,15.28,1044.99,964.14,8.39,0.9967,1,4
eb2e6148-c8c2-4567-ab76-62a77e6bb722,2025-01-21 04:00:00,2025-01-21 04:02:00,2025-01-21 05:17:00,4,2,False,False,18.510709,73.885064,18.254465,74.307638,0.64,52.92,53.44,75,71,economy,airport,955.26,955.26,2,9a5c2a65-d680-425d-92b1-9e1493200384,5.39,1203,1.56,93,FULL,FAIR,38.81,28.97,111.15,0.0,135,38.81,North-Pune,True,False,2,RIDE_COMPLETED,18.05,1551.42,1435.61,8.07,0.9969,1,4
e3a04500-a542-45ba-a86e-4c77dfcf44d0,2025-04-27 22:00:00,2025-04-27 22:21:00,2025-04-27 23:41:00,22,7,True,False,18.604756,73.946715,18.448681,74.333714,6.16,44.34,41.74,80,83,premium,standard_long,656.66,656.66,2,631f7e35-41ca-4618-9749-a519b96b2bca,4.14,1182,1.69,92,HALF,NEEDS_ATTENTION,18.85,25.01,110.12,0.0,135,18.85,East-Pune,True,False,2,RIDE_COMPLETED,14.81,1324.72,1241.34,6.72,0.9959,1,4
9cc7c10d-a63f-4a77-bfd1-27460f19f002,2025-04-09 00:00:00,2025-04-09 00:06:00,2025-04-09 01:29:00,0,3,False,False,18.567079,73.787221,18.496116,73.350541,1.95,46.71,49.94,83,82,premium,outskirts,689.74,689.74,2,9a5c2a65-d680-425d-92b1-9e1493200384,5.39,1203,10.22,611,THREE_QUARTER,NEEDS_ATTENTION,87.66,14.0,124.88,0.0,135,87.66,Airport-Zone,True,True,1,RIDE_COMPLETED,14.77,1279.28,1182.49,8.19,0.9947,1,4
4e202ea0-5386-41ca-bbce-c50b31f7e3b0,2025-06-15 19:00:00,2025-06-15 19:13:00,2025-06-15 21:32:00,19,7,True,True,18.573316,73.746409,18.066672,74.183466,3.92,72.82,75.61,139,153,premium,intercity,1651.59,1651.59,3,f1c1c9fc-1e58-43ce-96fe-9239c0dcd2ce,4.64,1305,7.14,424,QUARTER,EXCELLENT,15.09,21.84,111.87,0.0,135,15.09,East-Pune,True,True,1,RIDE_COMPLETED,22.68,1931.21,1775.47,8.77,0.9966,1,4
24f8bf62-0297-4a66-ac15-ec42c50c2836,2025-09-05 15:00:00,2025-09-05 15:05:00,2025-09-05 16:59:00,15,5,False,False,18.600352,73.78422,18.099939,74.097325,1.68,64.72,70.68,114,108,economy,outskirts,785.01,785.01,2,32bb38e9-efe1-439c-952b-63d5327baed4,9.23,509,4.07,253,QUARTER,FAIR,89.57,9.16,107.83,0.0,135,89.57,Hinjewadi,True,True,1,RIDE_COMPLETED,12.13,1651.16,1510.53,9.31,0.9967,1,4
b0aa1220-0529-481a-ae53-ff0087ab982f,2025-04-04 17:00:00,2025-04-04 17:22:00,2025-04-04 19:28:00,17,5,False,True,18.555478,73.821299,19.006208,73.31807,6.46,72.93,70.08,126,130,economy,airport,1598.98,1598.98,3,8153a1b1-f37a-4ff5-ac3c-99375f87b533,4.56,1261,10.32,616,LOW,NEEDS_ATTENTION,28.15,15.88,115.69,0.0,135,28.15,Hinjewadi,True,True,1,RIDE_COMPLETED,21.92,1672.3,1497.93,11.64,0.9969,1,4
b2d096ca-d125-4805-bdf9-862ecccb6c68,2025-04-30 06:00:00,,,6,3,False,False,18.611085,73.937352,18.696941,73.608695,5.04,35.92,35.68,58,60,premium,standard_long,560.8,560.8,1,d9b95c1a-06cd-4dad-8b17-ff2ac13c55ff,3.98,1045,11.01,659,HALF,FAIR,104.65,14.46,109.11,10.0,135,104.65,East-Pune,False,False,2,CANCELLED,15.61,939.65,853.08,10.15,0.0308,0,4
53ce734b-f884-4a76-80e0-723149b81cad,2025-04-12 04:00:00,2025-04-12 04:10:00,2025-04-12 05:14:00,4,6,True,False,18.594898,73.883792,18.523843,74.280965,3.11,42.61,46.77,64,67,economy,standard_long,505.58,474.86,2,aa158111-ff59-49ea-8d76-db5391db1963,3.98,865,8.03,483,FULL,EXCELLENT,21.15,18.74,108.11,0.0,135,21.15,East-Pune,True,True,1,RIDE_COMPLETED,11.14,1341.14,1260.53,6.39,0.9968,1,4
7200b07e-af7a-440f-bfaf-c71e4e7ea27a,2025-04-24 12:00:00,2025-04-24 12:05:00,2025-04-24 13:42:00,12,4,False,False,18.545057,73.87723,18.225145,74.332582,1.45,59.78,65.09,97,92,economy,outskirts,742.28,742.28,2,0f5f4548-9d8f-4ce2-9cc9-214e7f436ca3,4.02,277,9.6,581,FULL,FAIR,50.58,6.68,106.8,0.0,135,50.58,East-Pune,True,True,1,RIDE_COMPLETED,12.42,1506.46,1393.14,8.13,0.9968,1,4
d54cc33c-939e-4187-a7c8-efe3e42a8247,2025-10-28 02:00:00,2025-10-28 02:09:00,2025-10-28 03:28:00,2,2,False,False,18.504563,73.846233,18.93662,73.409651,2.68,66.5,71.41,79,88,economy,outskirts,816.26,816.26,2,9ec175ca-3a80-41da-80c5-9b001848d234,1.58,279,10.81,647,FULL,NEEDS_ATTENTION,34.45,18.13,111.23,0.0,135,34.45,Airport-Zone,True,True,1,RIDE_COMPLETED,12.27,1724.91,1907.32,-9.56,0.9964,1,4
4171c277-ec7c-46f5-9052-20637a4b6712,2025-03-06 12:00:00,2025-03-06 12:05:00,2025-03-06 13:48:00,12,4,False,False,18.557739,73.943722,18.669685,74.440068,1.6,53.77,54.92,103,95,premium,outskirts,815.41,815.41,2,32bb38e9-efe1-439c-952b-63d5327baed4,9.23,509,11.31,680,FULL,NEEDS_ATTENTION,54.57,12.91,111.45,0.0,135,54.57,Hinjewadi,True,True,1,RIDE_COMPLETED,15.16,1424.38,1297.53,9.78,0.9969,1,4
bda64a51-8e19-4102-af7d-5d11fd22574a,2025-05-31 07:00:00,,,7,6,True,True,18.557815,73.751038,18.165781,73.301348,0.75,64.44,64.25,81,73,premium,outskirts,1167.88,1167.88,2,8153a1b1-f37a-4ff5-ac3c-99375f87b533,4.56,1261,10.39,626,LOW,FAIR,106.58,6.87,108.94,4.51,135,106.58,North-Pune,False,False,3,CANCELLED,18.12,1672.11,1513.05,10.51,0.0341,0,4
295adc66-602a-43b4-ae4e-ce870be26aa8,2025-05-03 13:00:00,2025-05-03 13:02:00,2025-05-03 13:45:00,13,6,True,False,18.559409,73.78478,18.614467,73.729832,0.85,31.0,29.72,43,39,economy,standard_long,388.02,388.02,1,f1c1c9fc-1e58-43ce-96fe-9239c0dcd2ce,4.64,1305,4.81,298,HALF,FAIR,17.85,12.67,119.96,0.0,135,17.85,Hinjewadi,True,False,2,RIDE_COMPLETED,12.52,699.98,650.37,7.63,0.9968,1,4
de037c48-2e0d-4e20-8e69-e35440110619,2025-10-16 02:00:00,,,2,4,False,False,18.642035,73.807954,19.091177,73.424893,5.47,64.18,61.17,80,85,economy,outskirts,783.42,783.42,2,d9b95c1a-06cd-4dad-8b17-ff2ac13c55ff,3.98,1045,6.55,401,QUARTER,EXCELLENT,28.53,7.94,110.6,0.0,135,28.53,East-Pune,False,False,3,CANCELLED,12.21,1772.36,1638.53,8.17,0.0422,0,4
ed4c7468-2c41-4779-a5f1-c67f8e85d1d8,2025-07-03 05:00:00,2025-07-03 05:13:00,2025-07-03 06:28:00,5,4,False,False,18.569809,73.883373,18.183191,73.840623,3.87,43.23,42.0,75,75,premium,standard_long,633.68,633.68,2,8153a1b1-f37a-4ff5-ac3c-99375f87b533,4.56,1261,9.73,578,QUARTER,NEEDS_ATTENTION,112.05,32.0,114.67,29.38,135,112.05,Airport-Zone,True,True,1,RIDE_COMPLETED,14.66,1328.37,1248.84,6.37,0.9967,1,4
ad8a4a45-d734-49b4-8085-eb0e929b3316,2025-03-13 08:00:00,2025-03-13 08:07:00,2025-03-13 09:19:00,8,4,False,True,18.529433,73.748291,18.57227,73.24485,2.13,53.28,51.51,72,78,economy,outskirts,781.9,781.9,2,8153a1b1-f37a-4ff5-ac3c-99375f87b533,4.56,1261,10.7,641,THREE_QUARTER,NEEDS_ATTENTION,53.33,16.34,128.91,0.0,135,53.33,West-Pune,True,True,1,RIDE_COMPLETED,14.68,1227.89,1107.96,10.82,0.993,1,4
a65b636f-1ffb-4ab3-b95b-9eb965ddffe5,2025-02-15 23:00:00,2025-02-15 23:15:00,2025-02-16 00:47:00,23,6,True,False,18.581242,73.775959,18.868381,74.183896,4.3,53.53,58.24,92,100,economy,outskirts,649.37,649.37,2,631f7e35-41ca-4618-9749-a519b96b2bca,4.14,1182,3.13,182,FULL,NEEDS_ATTENTION,104.07,19.99,105.05,19.01,135,104.07,West-Pune,True,True,1,RIDE_COMPLETED,12.13,1672.64,1561.61,7.11,0.9967,1,4
732c6067-da6d-4256-9b9f-e727dd947536,2025-05-31 12:00:00,2025-05-31 12:21:00,2025-05-31 13:06:00,12,6,True,False,18.595228,73.750407,18.425816,73.728047,6.08,31.0,28.95,45,45,economy,standard_long,370.69,370.69,1,ebdc04e6-74f1-4b80-8ce1-1e8f9f204722,4.34,963,9.93,594,QUARTER,EXCELLENT,43.9,20.13,104.64,0.0,135,43.9,North-Pune,True,True,1,RIDE_COMPLETED,11.96,693.31,634.2,9.32,0.9967,1,4
add093e4-da99-436b-b9f5-22170bf13872,2025-04-21 16:00:00,,,16,1,False,False,18.639887,73.822941,18.461312,74.261512,1.5,50.32,46.9,70,67,economy,airport,914.75,914.75,2,0f5f4548-9d8f-4ce2-9cc9-214e7f436ca3,4.02,277,5.15,315,LOW,GOOD,46.69,23.64,122.59,0.0,135,46.69,North-Pune,False,False,2,CANCELLED,18.18,1106.66,1011.15,9.45,0.9492,1,4
c75787b5-e442-4975-a0d7-892681a77d9a,2025-03-14 23:00:00,2025-03-14 23:02:00,2025-03-15 00:56:00,23,5,False,False,18.606464,73.944675,19.038018,74.250935,0.61,57.81,57.55,114,113,premium,outskirts,864.25,864.25,2,2837f034-d43a-4d74-b208-67f2f5d37a03,3.82,1377,8.27,501,QUARTER,GOOD,42.82,13.61,106.51,0.0,135,42.82,East-Pune,True,True,1,RIDE_COMPLETED,14.95,1793.34,1697.85,5.62,0.9968,1,4
961ab41e-cfe2-4eb0-9530-bf1b6a50edd0,2025-05-17 18:00:00,,,18,6,True,True,18.546445,73.884246,18.722201,73.43981,5.91,50.74,50.19,82,83,premium,outskirts,927.17,927.17,2,a7c049d5-38f1-4398-8cfd-777e6bc5da1e,4.31,924,7.78,468,THREE_QUARTER,NEEDS_ATTENTION,26.59,12.99,112.31,0.0,135,26.59,North-Pune,False,False,4,CANCELLED,18.27,1298.18,1188.26,9.25,0.9932,1,4
aeef2e98-d472-485e-9790-a83fa5a67305,2025-02-19 17:00:00,,,17,3,False,True,18.672747,73.778144,18.216134,73.887422,1.88,52.07,56.15,85,91,premium,outskirts,960.25,884.94,2,0f5f4548-9d8f-4ce2-9cc9-214e7f436ca3,4.02,277,1.71,93,FULL,GOOD,76.83,33.74,122.48,0.0,135,76.83,Airport-Zone,False,False,2,CANCELLED,17.0,1449.87,1325.94,9.35,0.0357,0,4
32ef437e-b206-4396-96d4-db7ad04f5555,2025-04-18 13:00:00,2025-04-18 13:19:00,2025-04-18 14:52:00,13,5,False,False,18.659254,73.844038,19.051359,74.179083,5.59,56.07,54.65,93,102,economy,airport,1031.97,1007.83,2,631f7e35-41ca-4618-9749-a519b96b2bca,4.14,1182,1.07,71,THREE_QUARTER,EXCELLENT,52.88,25.02,123.43,0.0,135,52.88,North-Pune,True,True,1,RIDE_COMPLETED,17.97,1301.02,1173.9,10.83,0.9964,1,4
513963f0-0421-436e-8b1a-681bffaa70ff,2025-04-28 02:00:00,2025-04-28 02:24:00,2025-04-28 04:23:00,2,1,False,False,18.536533,73.873921,18.141895,73.424072,6.89,64.65,62.55,119,117,premium,airport,1445.76,1445.76,2,9a5c2a65-d680-425d-92b1-9e1493200384,5.39,1203,6.22,382,QUARTER,NEEDS_ATTENTION,68.14,32.44,122.67,0.0,135,68.14,North-Pune,True,True,1,RIDE_COMPLETED,22.36,1998.38,1842.23,8.48,0.9962,1,4
d7cd0574-0f8d-47e2-9b4a-1de9038ec6f8,2025-03-12 03:00:00,2025-03-12 03:13:00,2025-03-12 04:19:00,3,3,False,False,18.506463,73.850572,18.751193,73.519896,3.85,44.21,43.63,66,73,economy,standard_long,544.7,544.7,2,aa158111-ff59-49ea-8d76-db5391db1963,3.98,865,4.54,268,LOW,EXCELLENT,31.44,4.72,106.81,0.0,135,31.44,East-Pune,True,True,1,RIDE_COMPLETED,12.32,1263.89,1178.1,7.28,0.9965,1,4
f0b2bed4-9d01-4c4e-b72c-886946025490,2025-07-25 18:00:00,,,18,5,False,True,18.577259,73.767606,18.9115,73.548269,2.35,43.76,43.8,82,82,premium,standard_long,786.27,786.27,2,61c170fc-1209-4474-8bc3-9e9cd630e5e4,3.77,1497,2.85,178,HALF,NEEDS_ATTENTION,20.08,11.71,129.56,0.0,135,20.08,Hinjewadi,False,False,3,CANCELLED,17.97,1140.46,1040.66,9.59,0.0342,0,4
0e303273-928b-4fc2-958b-c9422cf38151,2025-06-10 11:00:00,2025-06-10 11:22:00,2025-06-10 12:45:00,11,2,False,False,18.512795,73.832646,18.505023,74.245727,6.29,43.57,47.6,83,93,premium,standard_long,673.15,673.15,2,0f5f4548-9d8f-4ce2-9cc9-214e7f436ca3,4.02,277,2.64,151,LOW,NEEDS_ATTENTION,72.51,22.92,124.15,0.0,135,72.51,Hinjewadi,True,True,1,RIDE_COMPLETED,15.45,1232.27,1128.44,9.2,0.9959,1,4
1bb78f06-ac25-411b-a464-4df5422ca041,2025-07-10 10:00:00,2025-07-10 10:13:00,2025-07-10 11:42:00,10,4,False,True,18.561,73.9207,18.482423,74.409811,3.91,52.3,52.96,89,101,premium,outskirts,933.4,883.36,2,0f5f4548-9d8f-4ce2-9cc9-214e7f436ca3,4.02,277,4.09,240,HALF,GOOD,17.37,23.85,107.39,0.0,135,17.37,West-Pune,True,True,1,RIDE_COMPLETED,16.89,1373.64,1252.25,9.69,0.9965,1,4
744b2b5c-dacd-42c2-90bc-83817b28abd2,2025-10-25 01:00:00,2025-10-25 01:03:00,2025-10-25 01:59:00,1,6,True,False,18.672557,73.794567,18.706894,73.821655,0.98,31.0,33.42,56,54,economy,standard_long,362.34,362.34,1,a9716e12-0d22-41b5-b46a-6e4a707cedbd,4.03,884,1.17,66,FULL,FAIR,33.63,18.86,112.93,0.0,135,33.63,North-Pune,True,False,3,RIDE_COMPLETED,11.69,939.78,910.09,3.26,0.9962,1,4
b58351d6-2829-418f-b35b-14ce4193c6a4,2025-02-09 02:00:00,2025-02-09 02:13:00,2025-02-09 03:21:00,2,7,True,False,18.570525,73.874115,18.777504,73.465398,3.89,48.82,53.38,68,66,premium,airport,1118.2,1118.2,2,9ec175ca-3a80-41da-80c5-9b001848d234,1.58,279,6.94,414,HALF,NEEDS_ATTENTION,36.01,7.67,126.36,0.0,135,36.01,Airport-Zone,True,False,3,RIDE_COMPLETED,22.9,1706.64,1577.44,8.19,0.9961,1,4
